{
    "card": {
        "style": "",
        "script": "",
        "title": "",
        "showCarousel": true,
        "backgroundImage": "",
        "body": [
            {
                "type": "Container",
                "items": [
                    {
                        "type": "ColumnSet",
                        "separator": false,
                        "columns": [
                            {
                                "type": "Column",
                                "separator": false,
                                "items": [
                                    {
                                        "type": "TextBlock",
                                        "text": "Impression and Reach Daily Snapshot",
                                        "horizontalAlignment": "left",
                                        "size": "small",
                                        "weight": "normal",
                                        "style": {
                                            "color": "#395795"
                                        }
                                    }
                                ]
                            }
                        ]
                    },
                    {
                        "type": "ColumnSet",
                        "spacing": "large",
                        "columns": [
                            {
                                "type": "Column",
                                "separator": false,
                                "spacing": "medium",
                                "width": 225,
                                "items": [
                                    {
                                        "spacing": "medium",
                                        "type": "TextBlock",
                                        "text": "<span class='blox-sparkline' type='line' line-color='#3a5694' width='220' height='40' line-width='3' fill-color='#c6d8f8' point-color:'#28467a'>{spark:Organic}</span>",
                                        "horizontalAlignment": "right"
                                    }
                                ]
                            },
                            {
                                "type": "Column",
                                "separator": false,
                                "spacing": "medium",
                                "width": 165,
                                "items": [
                                    {
                                        "type": "TextBlock",
                                        "text": "{panel:Organic Current}",
                                        "horizontalAlignment": "right",
                                        "size": "medium",
                                        "style": {
                                            "color": "#395795"
                                        }
                                    }
                                ]
                            },
                            {
                                "type": "Column",
                                "separator": false,
                                "spacing": "medium",
                                "width": 95,
                                "items": [
                                    {
                                        "type": "TextBlock",
                                        "size": "default",
                                        "weight": "bold",
                                        "horizontalAlignment": "right",
                                        "spacing": "none",
                                        "text": "Organic",
                                        "style": {
                                            "color": "#29487D"
                                        }
                                    },
                                    {
                                        "type": "TextBlock",
                                        "size": "light",
                                        "weight": "light",
                                        "horizontalAlignment": "right",
                                        "spacing": "none",
                                        "text": "Impression",
                                        "style": {
                                            "color": "#29487D"
                                        }
                                    }
                                ]
                            }
                        ]
                    },
                    {
                        "type": "ColumnSet",
                        "columns": [
                            {
                                "type": "Column",
                                "separator": false,
                                "spacing": "medium",
                                "width": 225,
                                "items": [
                                    {
                                        "type": "TextBlock",
                                        "text": "<span class='blox-sparkline' type='line' line-color='#3a5694' width='220' height='40' line-width='3' fill-color='#c6d8f8' point-color:'#28467a'>{spark:Organic Unique}</span>",
                                        "horizontalAlignment": "right"
                                    }
                                ]
                            },
                            {
                                "type": "Column",
                                "separator": false,
                                "spacing": "medium",
                                "width": 165,
                                "items": [
                                    {
                                        "type": "TextBlock",
                                        "text": "{panel:Organic Current Unique}",
                                        "horizontalAlignment": "right",
                                        "size": "medium",
                                        "style": {
                                            "color": "#395795"
                                        }
                                    }
                                ]
                            },
                            {
                                "type": "Column",
                                "separator": false,
                                "spacing": "medium",
                                "width": 95,
                                "items": [
                                    {
                                        "type": "TextBlock",
                                        "size": "light",
                                        "weight": "bold",
                                        "horizontalAlignment": "right",
                                        "spacing": "none",
                                        "text": "Organic",
                                        "style": {
                                            "color": "#29487D"
                                        }
                                    },
                                    {
                                        "type": "TextBlock",
                                        "size": "light",
                                        "weight": "light",
                                        "horizontalAlignment": "right",
                                        "spacing": "none",
                                        "text": "Reach",
                                        "style": {
                                            "color": "#29487D"
                                        }
                                    }
                                ]
                            }
                        ]
                    },
                    {
                        "type": "ColumnSet",
                        "spacing": "medium",
                        "columns": [
                            {
                                "type": "Column",
                                "separator": false,
                                "spacing": "medium",
                                "width": 225,
                                "items": [
                                    {
                                        "spacing": "medium",
                                        "type": "TextBlock",
                                        "text": "<span class='blox-sparkline' type='line' line-color='#3a5694' width='220' height='40' line-width='3' fill-color='#c6d8f8' point-color:'#28467a'>{spark:Paid}</span>",
                                        "horizontalAlignment": "right"
                                    }
                                ]
                            },
                            {
                                "type": "Column",
                                "separator": false,
                                "spacing": "medium",
                                "width": 165,
                                "items": [
                                    {
                                        "type": "TextBlock",
                                        "text": "{panel:Paid Current}",
                                        "horizontalAlignment": "right",
                                        "size": "medium",
                                        "style": {
                                            "color": "#395795"
                                        }
                                    }
                                ]
                            },
                            {
                                "type": "Column",
                                "separator": false,
                                "spacing": "medium",
                                "width": 95,
                                "items": [
                                    {
                                        "type": "TextBlock",
                                        "size": "light",
                                        "weight": "bold",
                                        "horizontalAlignment": "right",
                                        "spacing": "none",
                                        "text": "Paid",
                                        "style": {
                                            "color": "#29487D"
                                        }
                                    },
                                    {
                                        "type": "TextBlock",
                                        "size": "light",
                                        "weight": "light",
                                        "horizontalAlignment": "right",
                                        "spacing": "none",
                                        "text": "Impression",
                                        "style": {
                                            "color": "#29487D"
                                        }
                                    }
                                ]
                            }
                        ]
                    },
                    {
                        "type": "ColumnSet",
                        "columns": [
                            {
                                "type": "Column",
                                "separator": false,
                                "spacing": "medium",
                                "width": 225,
                                "items": [
                                    {
                                        "spacing": "medium",
                                        "type": "TextBlock",
                                        "text": "<span class='blox-sparkline' type='line' line-color='#3a5694' width='220' height='40' line-width='3' fill-color='#c6d8f8' point-color:'#28467a'>{spark:Paid Unique}</span>",
                                        "horizontalAlignment": "right"
                                    }
                                ]
                            },
                            {
                                "type": "Column",
                                "separator": false,
                                "spacing": "medium",
                                "width": 165,
                                "items": [
                                    {
                                        "type": "TextBlock",
                                        "text": "{panel:Paid Current Unique}",
                                        "horizontalAlignment": "right",
                                        "size": "medium",
                                        "style": {
                                            "color": "#395795"
                                        }
                                    }
                                ]
                            },
                            {
                                "type": "Column",
                                "separator": false,
                                "spacing": "medium",
                                "width": 95,
                                "items": [
                                    {
                                        "type": "TextBlock",
                                        "size": "light",
                                        "weight": "bold",
                                        "horizontalAlignment": "right",
                                        "spacing": "none",
                                        "text": "Paid",
                                        "style": {
                                            "color": "#29487D"
                                        }
                                    },
                                    {
                                        "type": "TextBlock",
                                        "size": "light",
                                        "weight": "light",
                                        "horizontalAlignment": "right",
                                        "spacing": "none",
                                        "text": "Reach",
                                        "style": {
                                            "color": "#29487D"
                                        }
                                    }
                                ]
                            }
                        ]
                    },
                    {
                        "type": "ColumnSet",
                        "columns": [
                            {
                                "type": "Column",
                                "separator": false,
                                "spacing": "medium",
                                "width": 225,
                                "items": [
                                    {
                                        "spacing": "medium",
                                        "type": "TextBlock",
                                        "text": "<span class='blox-sparkline' type='line' line-color='#3a5694' width='220' height='40' line-width='3' fill-color='#c6d8f8' point-color:'#28467a'>{spark:Viral}</span>",
                                        "horizontalAlignment": "right"
                                    }
                                ]
                            },
                            {
                                "type": "Column",
                                "separator": false,
                                "spacing": "medium",
                                "width": 165,
                                "items": [
                                    {
                                        "type": "TextBlock",
                                        "text": "{panel:Viral Current}",
                                        "horizontalAlignment": "right",
                                        "size": "medium",
                                        "style": {
                                            "color": "#395795"
                                        }
                                    }
                                ]
                            },
                            {
                                "type": "Column",
                                "separator": false,
                                "spacing": "medium",
                                "width": 95,
                                "items": [
                                    {
                                        "type": "TextBlock",
                                        "size": "light",
                                        "weight": "bold",
                                        "horizontalAlignment": "right",
                                        "spacing": "none",
                                        "text": "Viral",
                                        "style": {
                                            "color": "#29487D"
                                        }
                                    },
                                    {
                                        "type": "TextBlock",
                                        "size": "light",
                                        "weight": "light",
                                        "horizontalAlignment": "right",
                                        "spacing": "none",
                                        "text": "Impression",
                                        "style": {
                                            "color": "#29487D"
                                        }
                                    }
                                ]
                            }
                        ]
                    },
                    {
                        "type": "ColumnSet",
                        "columns": [
                            {
                                "type": "Column",
                                "separator": false,
                                "spacing": "medium",
                                "width": 225,
                                "items": [
                                    {
                                        "spacing": "medium",
                                        "type": "TextBlock",
                                        "text": "<span class='blox-sparkline' type='line' line-color='#3a5694' width='220' height='40' line-width='3' fill-color='#c6d8f8' point-color:'#28467a'>{spark:Viral Unique}</span>",
                                        "horizontalAlignment": "right"
                                    }
                                ]
                            },
                            {
                                "type": "Column",
                                "separator": false,
                                "spacing": "medium",
                                "width": 165,
                                "items": [
                                    {
                                        "type": "TextBlock",
                                        "text": "{panel:Viral Current Unique}",
                                        "horizontalAlignment": "right",
                                        "size": "medium",
                                        "style": {
                                            "color": "#395795"
                                        }
                                    }
                                ]
                            },
                            {
                                "type": "Column",
                                "separator": false,
                                "spacing": "medium",
                                "width": 95,
                                "items": [
                                    {
                                        "type": "TextBlock",
                                        "size": "light",
                                        "weight": "bold",
                                        "horizontalAlignment": "right",
                                        "spacing": "none",
                                        "text": "Viral",
                                        "style": {
                                            "color": "#29487D"
                                        }
                                    },
                                    {
                                        "type": "TextBlock",
                                        "size": "light",
                                        "weight": "light",
                                        "horizontalAlignment": "right",
                                        "spacing": "none",
                                        "text": "Reach",
                                        "style": {
                                            "color": "#29487D"
                                        }
                                    }
                                ]
                            }
                        ]
                    }
                ]
            }
        ]
    },
    "config": {
        "fontFamily": "Open Sans",
        "fontSizes": {
            "default": 14.5,
            "small": 25,
            "medium": 28,
            "large": 32,
            "extraLarge": 50
        },
        "fontWeights": {
            "default": 500,
            "light": 100,
            "bold": 900
        },
        "containerStyles": {
            "default": {
                "backgroundColor": "#ffffff",
                "foregroundColors": {
                    "default": {
                        "normal": "#3A4356"
                    },
                    "white": {
                        "normal": "#ffffff"
                    },
                    "grey": {
                        "normal": "#dcdcdc"
                    },
                    "orange": {
                        "normal": "#f2B900"
                    },
                    "yellow": {
                        "normal": "#ffcb05"
                    },
                    "black": {
                        "normal": "#000000"
                    },
                    "lightGreen": {
                        "normal": "#93c0c0"
                    },
                    "green": {
                        "normal": "#54a254"
                    },
                    "red": {
                        "normal": "#dd1111"
                    },
                    "accent": {
                        "normal": "#2E89FC"
                    },
                    "good": {
                        "normal": "#54a254"
                    },
                    "warning": {
                        "normal": "#e69500"
                    },
                    "attention": {
                        "normal": "#cc3300"
                    }
                }
            }
        },
        "imageSizes": {
            "default": 40,
            "small": 40,
            "medium": 80,
            "large": 160
        },
        "imageSet": {
            "imageSize": "medium",
            "maxImageHeight": 100
        },
        "actions": {
            "color": "#FFFFFF",
            "backgroundColor": "#395795",
            "maxActions": 5,
            "spacing": "extraLarge",
            "buttonSpacing": 20,
            "actionsOrientation": "horizontal",
            "actionAlignment": "center",
            "showCard": {
                "actionMode": "inline",
                "inlineTopMargin": 16,
                "style": "default"
            }
        },
        "spacing": {
            "default": 5,
            "small": 5,
            "medium": 10,
            "large": 20,
            "extraLarge": 40,
            "padding": 20
        },
        "separator": {
            "lineThickness": 1,
            "lineColor": "#eeeeee"
        },
        "factSet": {
            "title": {
                "size": "default",
                "color": "default",
                "weight": "bold",
                "warp": true
            },
            "value": {
                "size": "default",
                "color": "default",
                "weight": "default",
                "warp": true
            },
            "spacing": 20
        },
        "supportsInteractivity": true,
        "imageBaseUrl": "",
        "height": 424
    }
}